{
  "graph":{
    "layout_direction":0,
    "acyclic":true,
    "pipe_collision":false,
    "pipe_slicing":true,
    "pipe_style":1,
    "accept_connection_types":{},
    "reject_connection_types":{}
  },
  "nodes":{
    "0x14ce0cd30":{
      "type_":"examples.nodes.\u0426\u0435\u043d\u0430",
      "icon":null,
      "name":"\u0426\u0435\u043d\u0430",
      "color":[
        13,
        18,
        23,
        255
      ],
      "border_color":[
        74,
        84,
        85,
        255
      ],
      "text_color":[
        255,
        255,
        255,
        180
      ],
      "disabled":false,
      "selected":false,
      "visible":true,
      "width":160,
      "height":120.4,
      "pos":[
        -326.33333115752714,
        39.73494007361053
      ],
      "layout_direction":0,
      "port_deletion_allowed":false,
      "subgraph_session":{}
    },
    "0x14ce0f130":{
      "type_":"examples.nodes.RSI",
      "icon":null,
      "name":"RSI",
      "color":[
        13,
        18,
        23,
        255
      ],
      "border_color":[
        74,
        84,
        85,
        255
      ],
      "text_color":[
        255,
        255,
        255,
        180
      ],
      "disabled":false,
      "selected":false,
      "visible":true,
      "width":160,
      "height":74.2,
      "pos":[
        -42.43775404490178,
        63.25702840080966
      ],
      "layout_direction":0,
      "port_deletion_allowed":false,
      "subgraph_session":{},
      "custom":{
        "period":14
      }
    },
    "0x14ce24fd0":{
      "type_":"examples.nodes.\u0421\u0440\u0430\u0432\u043d\u0435\u043d\u0438\u0435",
      "icon":null,
      "name":"\u0421\u0440\u0430\u0432\u043d\u0435\u043d\u0438\u0435",
      "color":[
        13,
        18,
        23,
        255
      ],
      "border_color":[
        74,
        84,
        85,
        255
      ],
      "text_color":[
        255,
        255,
        255,
        180
      ],
      "disabled":false,
      "selected":false,
      "visible":true,
      "width":262.03125,
      "height":79.45,
      "pos":[
        180.69878841737375,
        275.9196782167833
      ],
      "layout_direction":0,
      "port_deletion_allowed":false,
      "subgraph_session":{},
      "custom":{
        "type":"\u041c\u0435\u043d\u044c\u0448\u0435"
      }
    },
    "0x14ce252a0":{
      "type_":"examples.nodes.\u0421\u0440\u0430\u0432\u043d\u0435\u043d\u0438\u0435",
      "icon":null,
      "name":"\u0421\u0440\u0430\u0432\u043d\u0435\u043d\u0438\u0435 1",
      "color":[
        13,
        18,
        23,
        255
      ],
      "border_color":[
        74,
        84,
        85,
        255
      ],
      "text_color":[
        255,
        255,
        255,
        180
      ],
      "disabled":false,
      "selected":false,
      "visible":true,
      "width":262.03125,
      "height":79.45,
      "pos":[
        498.81524880199004,
        58.26104742730877
      ],
      "layout_direction":0,
      "port_deletion_allowed":false,
      "subgraph_session":{},
      "custom":{
        "type":"\u0411\u043e\u043b\u044c\u0448\u0435"
      }
    },
    "0x14ce24dc0":{
      "type_":"examples.nodes.\u041a\u043e\u043d\u0441\u0442\u0430\u043d\u0442\u0430",
      "icon":null,
      "name":"\u041a\u043e\u043d\u0441\u0442\u0430\u043d\u0442\u0430",
      "color":[
        13,
        18,
        23,
        255
      ],
      "border_color":[
        74,
        84,
        85,
        255
      ],
      "text_color":[
        255,
        255,
        255,
        180
      ],
      "disabled":false,
      "selected":false,
      "visible":true,
      "width":259.6875,
      "height":77.35,
      "pos":[
        -341.85541948472627,
        199.3734953128448
      ],
      "layout_direction":0,
      "port_deletion_allowed":false,
      "subgraph_session":{},
      "custom":{
        "value":"15"
      }
    },
    "0x14ce0d420":{
      "type_":"examples.nodes.\u041a\u043e\u043d\u0441\u0442\u0430\u043d\u0442\u0430",
      "icon":null,
      "name":"\u041a\u043e\u043d\u0441\u0442\u0430\u043d\u0442\u0430 1",
      "color":[
        13,
        18,
        23,
        255
      ],
      "border_color":[
        74,
        84,
        85,
        255
      ],
      "text_color":[
        255,
        255,
        255,
        180
      ],
      "disabled":false,
      "selected":false,
      "visible":true,
      "width":269.0625,
      "height":77.35,
      "pos":[
        -188.1244984376149,
        298.3092365807877
      ],
      "layout_direction":0,
      "port_deletion_allowed":false,
      "subgraph_session":{},
      "custom":{
        "value":"30"
      }
    },
    "0x14ce24e20":{
      "type_":"examples.nodes.\u041a\u043e\u043d\u0441\u0442\u0430\u043d\u0442\u0430",
      "icon":null,
      "name":"\u041a\u043e\u043d\u0441\u0442\u0430\u043d\u0442\u0430 2",
      "color":[
        13,
        18,
        23,
        255
      ],
      "border_color":[
        74,
        84,
        85,
        255
      ],
      "text_color":[
        255,
        255,
        255,
        180
      ],
      "disabled":false,
      "selected":false,
      "visible":true,
      "width":270.875,
      "height":77.35,
      "pos":[
        171.088346781378,
        140.01205055207888
      ],
      "layout_direction":0,
      "port_deletion_allowed":false,
      "subgraph_session":{},
      "custom":{
        "value":"70"
      }
    },
    "0x14ce25000":{
      "type_":"examples.nodes.\u041e\u0442\u043a\u0440\u044b\u0442\u044c \u043f\u043e\u0437\u0438\u0446\u0438\u044e",
      "icon":null,
      "name":"\u041e\u0442\u043a\u0440\u044b\u0442\u044c \u043f\u043e\u0437\u0438\u0446\u0438\u044e",
      "color":[
        13,
        18,
        23,
        255
      ],
      "border_color":[
        74,
        84,
        85,
        255
      ],
      "text_color":[
        255,
        255,
        255,
        180
      ],
      "disabled":false,
      "selected":false,
      "visible":true,
      "width":160,
      "height":120.4,
      "pos":[
        540.5060122212025,
        275.9357477953614
      ],
      "layout_direction":0,
      "port_deletion_allowed":false,
      "subgraph_session":{}
    },
    "0x14ce25030":{
      "type_":"examples.nodes.\u0417\u0430\u043a\u0440\u044b\u0442\u044c \u043f\u043e\u0437\u0438\u0446\u0438\u044e",
      "icon":null,
      "name":"\u0417\u0430\u043a\u0440\u044b\u0442\u044c \u043f\u043e\u0437\u0438\u0446\u0438\u044e",
      "color":[
        13,
        18,
        23,
        255
      ],
      "border_color":[
        74,
        84,
        85,
        255
      ],
      "text_color":[
        255,
        255,
        255,
        180
      ],
      "disabled":false,
      "selected":false,
      "visible":true,
      "width":160,
      "height":74.2,
      "pos":[
        810.4819111170445,
        252.8393629609851
      ],
      "layout_direction":0,
      "port_deletion_allowed":false,
      "subgraph_session":{}
    }
  },
  "connections":[
    {
      "out":[
        "0x14ce0cd30",
        "\u0417\u0430\u043a\u0440\u044b\u0442\u0438\u0435"
      ],
      "in":[
        "0x14ce0f130",
        "\u0426\u0435\u043d\u0430"
      ]
    },
    {
      "in":[
        "0x14ce0f130",
        "\u041f\u0435\u0440\u0438\u043e\u0434"
      ],
      "out":[
        "0x14ce24dc0",
        "\u0417\u043d\u0430\u0447\u0435\u043d\u0438\u0435"
      ]
    },
    {
      "out":[
        "0x14ce0f130",
        "RSI"
      ],
      "in":[
        "0x14ce24fd0",
        "A"
      ]
    },
    {
      "out":[
        "0x14ce0f130",
        "RSI"
      ],
      "in":[
        "0x14ce252a0",
        "A"
      ]
    },
    {
      "in":[
        "0x14ce24fd0",
        "B"
      ],