{
  "graph":{
    "layout_direction":0,
    "acyclic":true,
    "pipe_collision":false,
    "pipe_slicing":true,
    "pipe_style":1,
    "accept_connection_types":{},
    "reject_connection_types":{}
  },
  "nodes":{
    "0x152d53fd0":{
      "type_":"examples.nodes.\u0426\u0435\u043d\u0430",
      "icon":null,
      "name":"\u0426\u0435\u043d\u0430",
      "color":[
        13,
        18,
        23,
        255
      ],
      "border_color":[
        74,
        84,
        85,
        255
      ],
      "text_color":[
        255,
        255,
        255,
        180
      ],
      "disabled":false,
      "selected":false,
      "visible":true,
      "width":160,
      "height":120.4,
      "pos":[
        -120.35866976598713,
        207.9619953510192
      ],
      "layout_direction":0,
      "port_deletion_allowed":false,
      "subgraph_session":{}
    },
    "0x152d52ce0":{
      "type_":"examples.nodes.RSI",
      "icon":null,
      "name":"RSI",
      "color":[
        13,
        18,
        23,
        255
      ],
      "border_color":[
        74,
        84,
        85,
        255
      ],
      "text_color":[
        255,
        255,
        255,
        180
      ],
      "disabled":false,
      "selected":false,
      "visible":true,
      "width":160,
      "height":74.2,
      "pos":[
        191.23909545952117,
        231.24373795135944
      ],
      "layout_direction":0,
      "port_deletion_allowed":false,
      "subgraph_session":{},
      "custom":{
        "period":14
      }
    },
    "0x152d53d30":{
      "type_":"examples.nodes.\u041a\u043e\u043d\u0441\u0442\u0430\u043d\u0442\u0430",
      "icon":null,
      "name":"\u041a\u043e\u043d\u0441\u0442\u0430\u043d\u0442\u0430",
      "color":[
        13,
        18,
        23,
        255
      ],
      "border_color":[
        74,
        84,
        85,
        255
      ],
      "text_color":[
        255,
        255,
        255,
        180
      ],
      "disabled":false,
      "selected":false,
      "visible":true,
      "width":259.6875,
      "height":77.35,
      "pos":[
        -120.38647156360591,
        335.75717991632604
      ],
      "layout_direction":0,
      "port_deletion_allowed":false,
      "subgraph_session":{},
      "custom":{
        "value":"14"
      }
    },
    "0x152d50b80":{
      "type_":"examples.nodes.\u0421\u0440\u0430\u0432\u043d\u0435\u043d\u0438\u0435",
      "icon":null,
      "name":"\u0421\u0440\u0430\u0432\u043d\u0435\u043d\u0438\u0435",
      "color":[
        13,
        18,
        23,
        255
      ],
      "border_color":[
        74,
        84,
        85,
        255
      ],
      "text_color":[
        255,
        255,
        255,
        180
      ],
      "disabled":false,
      "selected":false,
      "visible":true,
      "width":262.03125,
      "height":79.45,
      "pos":[
        404.3892251666623,
        208.54124376258537
      ],
      "layout_direction":0,
      "port_deletion_allowed":false,
      "subgraph_session":{},
      "custom":{
        "type":"\u0411\u043e\u043b\u044c\u0448\u0435"
      }
    },
    "0x152d53d90":{
      "type_":"examples.nodes.\u041a\u043e\u043d\u0441\u0442\u0430\u043d\u0442\u0430",
      "icon":null,
      "name":"\u041a\u043e\u043d\u0441\u0442\u0430\u043d\u0442\u0430 1",
      "color":[
        13,
        18,
        23,
        255
      ],
      "border_color":[
        74,
        84,
        85,
        255
      ],
      "text_color":[
        255,
        255,
        255,
        180
      ],
      "disabled":false,
      "selected":false,
      "visible":true,
      "width":269.0625,
      "height":77.35,
      "pos":[
        79.03984038435175,
        99.73402061054554
      ],
      "layout_direction":0,
      "port_deletion_allowed":false,
      "subgraph_session":{},
      "custom":{
        "value":"30"
      }
    },
    "0x152d52350":{
      "type_":"examples.nodes.\u041e\u0442\u043a\u0440\u044b\u0442\u044c \u041f\u043e\u0437\u0438\u0446\u0438\u044e",
      "icon":null,
      "name":"\u041e\u0442\u043a\u0440\u044b\u0442\u044c \u041f\u043e\u0437\u0438\u0446\u0438\u044e",
      "color":[
        13,
        18,
        23,
        255
      ],
      "border_color":[
        74,
        84,
        85,
        255
      ],
      "text_color":[
        255,
        255,
        255,
        180
      ],
      "disabled":false,
      "selected":false,
      "visible":true,
      "width":238.28125,
      "height":124.60000000000001,
      "pos":[
        713.3354573067959,
        208.19185898027465
      ],
      "layout_direction":0,
      "port_deletion_allowed":false,
      "subgraph_session":{},
      "custom":{
        "direction":"LONG"
      }
    },
    "0x152d51f30":{
      "type_":"examples.nodes.\u0421\u0440\u0430\u0432\u043d\u0435\u043d\u0438\u0435",
      "icon":null,
      "name":"\u0421\u0440\u0430\u0432\u043d\u0435\u043d\u0438\u0435 1",
      "color":[
        13,
        18,
        23,
        255
      ],
      "border_color":[
        74,
        84,
        85,
        255
      ],
      "text_color":[
        255,
        255,
        255,
        180
      ],
      "disabled":false,
      "selected":false,
      "visible":true,
      "width":262.03125,
      "height":79.45,
      "pos":[
        429.1186032853696,
        436.4151912289102
      ],
      "layout_direction":0,
      "port_deletion_allowed":false,
      "subgraph_session":{},
      "custom":{
        "type":"\u0411\u043e\u043b\u044c\u0448\u0435"
      }
    },
    "0x152d53580":{
      "type_":"examples.nodes.\u041a\u043e\u043d\u0441\u0442\u0430\u043d\u0442\u0430",
      "icon":null,
      "name":"\u041a\u043e\u043d\u0441\u0442\u0430\u043d\u0442\u0430 2",
      "color":[
        13,
        18,
        23,
        255
      ],
      "border_color":[
        74,
        84,
        85,
        255
      ],
      "text_color":[
        255,
        255,
        255,
        180
      ],
      "disabled":false,
      "selected":false,
      "visible":true,
      "width":270.875,
      "height":77.35,
      "pos":[
        61.89062854489596,
        459.70249418877404
      ],
      "layout_direction":0,
      "port_deletion_allowed":false,
      "subgraph_session":{},
      "custom":{
        "value":"70"
      }
    },
    "0x152d529e0":{
      "type_":"examples.nodes.\u0417\u0430\u043a\u0440\u044b\u0442\u044c",
      "icon":null,
      "name":"\u0417\u0430\u043a\u0440\u044b\u0442\u044c",
      "color":[
        13,
        18,
        23,
        255
      ],
      "border_color":[
        74,
        84,
        85,
        255
      ],
      "text_color":[
        255,
        255,
        255,
        180
      ],
      "disabled":false,
      "selected":false,
      "visible":true,
      "width":160,
      "height":74.2,
      "pos":[
        758.7997739037341,
        435.8999135285726
      ],
      "layout_direction":0,
      "port_deletion_allowed":false,
      "subgraph_session":{}
    }
  },
  "connections":[
    {
      "out":[
        "0x152d53fd0",
        "\u0417\u0430\u043a\u0440\u044b\u0442\u0438\u0435"
      ],
      "in":[
        "0x152d52ce0",
        "\u0426\u0435\u043d\u0430"
      ]
    },
    {
      "in":[
        "0x152d52ce0",
        "\u041f\u0435\u0440\u0438\u043e\u0434"
      ],
      "out":[
        "0x152d53d30",
        "\u0417\u043d\u0430\u0447\u0435\u043d\u0438\u0435"
      ]
    },
    {
      "out":[
        "0x152d52ce0",
        "RSI"
      ],
      "in":[
        "0x152d50b80",
        "B"
      ]
    },
    {
      "out":[
        "0x152d52ce0",
        "RSI"
      ],
      "in":[
        "0x152d51f30",
        "A"
      ]
    },
    {
      "in":[
        "0x152d50b80",
        "A"
      ],
      "out":[
        "0x152d53d90",
        "\u0417\u043d\u0430\u0447\u0435\u043d\u0438\u0435"
      ]
    },
    {
      "out":[
        "0x152d50b80",
        "\u0420\u0435\u0437\u0443\u043b\u044c\u0442\u0430\u0442"
      ],