{
  "graph":{
    "layout_direction":0,
    "acyclic":true,
    "pipe_collision":false,
    "pipe_slicing":true,
    "pipe_style":1,
    "accept_connection_types":{},
    "reject_connection_types":{}
  },
  "nodes":{
    "0x14e863f70":{
      "type_":"examples.nodes.\u0426\u0435\u043d\u0430",
      "icon":null,
      "name":"\u0426\u0435\u043d\u0430",
      "color":[
        31,
        33,
        36
      ],
      "border_color":[
        58,
        65,
        68
      ],
      "text_color":[
        255,
        255,
        255,
        180
      ],
      "disabled":false,
      "selected":false,
      "visible":true,
      "width":160,
      "height":120.4,
      "pos":[
        -82.8187679179992,
        66.05971702249633
      ],
      "layout_direction":0,
      "port_deletion_allowed":false,
      "subgraph_session":{}
    },
    "0x14e863910":{
      "type_":"examples.nodes.RSI",
      "icon":null,
      "name":"RSI",
      "color":[
        31,
        33,
        36
      ],
      "border_color":[
        58,
        65,
        68
      ],
      "text_color":[
        255,
        255,
        255,
        180
      ],
      "disabled":false,
      "selected":false,
      "visible":true,
      "width":160,
      "height":74.2,
      "pos":[
        174.28963877357876,
        89.29858511248179
      ],
      "layout_direction":0,
      "port_deletion_allowed":false,
      "subgraph_session":{}
    },
    "0x14e9a87c0":{
      "type_":"examples.nodes.\u0421\u0440\u0430\u0432\u043d\u0435\u043d\u0438\u0435",
      "icon":null,
      "name":"\u0421\u0440\u0430\u0432\u043d\u0435\u043d\u0438\u0435",
      "color":[
        31,
        33,
        36
      ],
      "border_color":[
        58,
        65,
        68
      ],
      "text_color":[
        255,
        255,
        255,
        180
      ],
      "disabled":false,
      "selected":false,
      "visible":true,
      "width":262.03125,
      "height":79.45,
      "pos":[
        433.69559007038254,
        185.71556376270058
      ],
      "layout_direction":0,
      "port_deletion_allowed":false,
      "subgraph_session":{},
      "custom":{
        "type":"\u041c\u0435\u043d\u044c\u0448\u0435"
      }
    },
    "0x14e9a93f0":{
      "type_":"examples.nodes.\u041a\u043e\u043d\u0441\u0442\u0430\u043d\u0442\u0430",
      "icon":null,
      "name":"\u041a\u043e\u043d\u0441\u0442\u0430\u043d\u0442\u0430",
      "color":[
        31,
        33,
        36
      ],
      "border_color":[
        58,
        65,
        68
      ],
      "text_color":[
        255,
        255,
        255,
        180
      ],
      "disabled":false,
      "selected":false,
      "visible":true,
      "width":259.6875,
      "height":77.35,
      "pos":[
        98.0831470180596,
        299.0437004186841
      ],
      "layout_direction":0,
      "port_deletion_allowed":false,
      "subgraph_session":{},
      "custom":{
        "value":"30"
      }
    },
    "0x14e9a9000":{
      "type_":"examples.nodes.\u041e\u0442\u043a\u0440\u044b\u0442\u044c \u041f\u043e\u0437\u0438\u0446\u0438\u044e",
      "icon":null,
      "name":"\u041e\u0442\u043a\u0440\u044b\u0442\u044c \u041f\u043e\u0437\u0438\u0446\u0438\u044e",
      "color":[
        31,
        33,
        36
      ],
      "border_color":[
        58,
        65,
        68
      ],
      "text_color":[
        255,
        255,
        255,
        180
      ],
      "disabled":false,
      "selected":false,
      "visible":true,
      "width":238.28125,
      "height":124.60000000000001,
      "pos":[
        788.356639346866,
        269.75696988099116
      ],
      "layout_direction":0,
      "port_deletion_allowed":false,
      "subgraph_session":{},
      "custom":{
        "direction":"LONG"
      }
    },
    "0x14e9a9690":{
      "type_":"examples.nodes.\u041a\u043e\u043d\u0441\u0442\u0430\u043d\u0442\u0430",
      "icon":null,
      "name":"\u041a\u043e\u043d\u0441\u0442\u0430\u043d\u0442\u0430 1",
      "color":[
        31,
        33,
        36
      ],
      "border_color":[
        58,
        65,
        68
      ],
      "text_color":[
        255,
        255,
        255,
        180
      ],
      "disabled":false,
      "selected":false,
      "visible":true,
      "width":269.0625,
      "height":77.35,
      "pos":[
        459.09841984541913,
        338.22471921480314
      ],
      "layout_direction":0,
      "port_deletion_allowed":false,
      "subgraph_session":{},
      "custom":{
        "value":"10"
      }
    },
    "0x14e9aaa70":{
      "type_":"examples.nodes.\u0421\u0440\u0430\u0432\u043d\u0435\u043d\u0438\u0435",
      "icon":null,
      "name":"\u0421\u0440\u0430\u0432\u043d\u0435\u043d\u0438\u0435 1",
      "color":[
        31,
        33,
        36
      ],
      "border_color":[
        58,
        65,
        68
      ],
      "text_color":[
        255,
        255,
        255,
        180
      ],
      "disabled":false,
      "selected":true,
      "visible":true,
      "width":262.03125,
      "height":79.45,
      "pos":[
        -1129.3637340704063,
        750.2068710623462
      ],
      "layout_direction":0,
      "port_deletion_allowed":false,
      "subgraph_session":{},
      "custom":{
        "type":"\u0411\u043e\u043b\u044c\u0448\u0435"
      }
    },
    "0x14e9aaa10":{
      "type_":"examples.nodes.\u041f\u0435\u0440\u0435\u043c\u0435\u043d\u043d\u0430\u044f",
      "icon":null,
      "name":"\u041f\u0435\u0440\u0435\u043c\u0435\u043d\u043d\u0430\u044f",
      "color":[
        31,
        33,
        36
      ],
      "border_color":[
        58,
        65,
        68
      ],
      "text_color":[
        255,
        255,
        255,
        180
      ],
      "disabled":false,
      "selected":false,
      "visible":true,
      "width":160,
      "height":60,
      "pos":[
        1073.9400277865057,
        179.78779952624598
      ],
      "layout_direction":0,
      "port_deletion_allowed":false,
      "subgraph_session":{}
    },
    "0x14e9aaec0":{
      "type_":"examples.nodes.\u0421\u0440\u0430\u0432\u043d\u0435\u043d\u0438\u0435",
      "icon":null,
      "name":"\u0421\u0440\u0430\u0432\u043d\u0435\u043d\u0438\u0435 2",
      "color":[
        31,
        33,
        36
      ],
      "border_color":[
        58,
        65,
        68
      ],
      "text_color":[
        255,
        255,
        255,
        180
      ],
      "disabled":false,
      "selected":false,
      "visible":true,
      "width":262.03125,
      "height":79.45,
      "pos":[
        455.6533453466848,
        65.98841900514209
      ],
      "layout_direction":0,
      "port_deletion_allowed":false,
      "subgraph_session":{},
      "custom":{
        "type":"\u041c\u0435\u043d\u044c\u0448\u0435"
      }
    },
    "0x14e9ab790":{
      "type_":"examples.nodes.\u041a\u043e\u043d\u0441\u0442\u0430\u043d\u0442\u0430",
      "icon":null,
      "name":"\u041a\u043e\u043d\u0441\u0442\u0430\u043d\u0442\u0430 2",
      "color":[
        31,
        33,
        36
      ],
      "border_color":[
        58,
        65,
        68
      ],
      "text_color":[
        255,
        255,
        255,
        180
      ],
      "disabled":false,
      "selected":false,
      "visible":true,
      "width":270.875,
      "height":77.35,
      "pos":[
        74.92270119098856,
        -43.428007674577714
      ],
      "layout_direction":0,
      "port_deletion_allowed":false,
      "subgraph_session":{},
      "custom":{
        "value":"70"
      }
    },
    "0x14e9abcd0":{
      "type_":"examples.nodes.\u041a\u043e\u043d\u0441\u0442\u0430\u043d\u0442\u0430",
      "icon":null,
      "name":"\u041a\u043e\u043d\u0441\u0442\u0430\u043d\u0442\u0430 3",
      "color":[
        31,
        33,
        36
      ],
      "border_color":[
        58,
        65,
        68
      ],
      "text_color":[
        255,
        255,
        255,
        180
      ],
      "disabled":false,